name,chr,start,end,Xi.pval,Xi_Xa,location
p2_26647,chrX,6399463,6401057,0.02635,XaXi,no_ase_genedata
p2_26648,chrX,6415275,6416214,1,,no_ase_genedata
p2_26649,chrX,6778226,6778757,1,Xa_only,no_ase_genedata
p2_26650,chrX,7318308,7319657,0.03108,XaXi,intergenic
p2_26651,chrX,7369820,7370949,1,Xa_only,no_ase_genedata
p2_26652,chrX,7374737,7376907,1,Xa_only,no_ase_genedata
p2_26653,chrX,7567300,7569119,0.00758,XaXi,inactivated
p2_26654,chrX,7571139,7571849,1,,inactivated
p2_26655,chrX,7572851,7575076,1,,inactivated
p2_26656,chrX,7604909,7605699,1,Xa_only,inactivated
p2_26657,chrX,7648448,7649400,1,Xa_only,no_ase_genedata
p2_26658,chrX,7657159,7658146,1,Xa_only,inactivated
p2_26659,chrX,7658197,7658883,1,,inactivated
p2_26660,chrX,7664478,7665237,1,Xa_only,inactivated
p2_26661,chrX,7665782,7668068,0.1967,Xa_only,inactivated
p2_26662,chrX,7669987,7672201,1,Xa_only,inactivated
p2_26663,chrX,7673163,7675516,1,Xa_only,inactivated
p2_26664,chrX,7679454,7680539,0.10787,Xa_only,no_ase_genedata
p2_26665,chrX,7696937,7697597,1,Xa_only,inactivated
p2_26666,chrX,7721394,7723705,0.09349,Xa_only,inactivated
p2_26667,chrX,7725667,7726494,1,Xa_only,inactivated
p2_26668,chrX,7727974,7730361,0.00709,XaXi,inactivated
p2_26669,chrX,7730890,7731792,1,Xa_only,inactivated
p2_26670,chrX,7732765,7734621,1,Xa_only,inactivated
p2_26671,chrX,7736233,7737535,1,Xa_only,inactivated
p2_26672,chrX,7739907,7740525,1,,inactivated
p2_26673,chrX,7740923,7741662,0.06584,Xa_only,inactivated
p2_26674,chrX,7750346,7751558,1,Xa_only,intergenic
p2_26675,chrX,7762374,7764655,1,Xa_only,inactivated
p2_26676,chrX,7765312,7766096,1,Xa_only,inactivated
p2_26677,chrX,7766154,7766966,1,,inactivated
p2_26678,chrX,7775530,7778332,1,Xa_only,inactivated
p2_26679,chrX,7789177,7790593,1,Xa_only,no_ase_genedata
p2_26680,chrX,7821157,7822977,0.05329,Xa_only,inactivated
p2_26681,chrX,7839120,7840223,0.20151,Xa_only,inactivated
p2_26682,chrX,7840932,7843179,1,Xa_only,inactivated
p2_26683,chrX,7877463,7879170,0.01301,XaXi,inactivated
p2_26684,chrX,7879634,7880446,1,Xa_only,inactivated
p2_26685,chrX,7883418,7885082,1,Xa_only,inactivated
p2_26686,chrX,7891927,7892877,1,,inactivated
p2_26687,chrX,7894198,7895124,1,Xa_only,inactivated
p2_26688,chrX,7898469,7900081,1,Xa_only,inactivated
p2_26689,chrX,7919494,7920469,1,,inactivated
p2_26690,chrX,7921557,7923657,0.07038,Xa_only,inactivated
p2_26691,chrX,7923927,7924829,1,Xa_only,inactivated
p2_26692,chrX,7927986,7929600,1,Xa_only,inactivated
p2_26693,chrX,7931348,7932196,1,Xa_only,inactivated
p2_26694,chrX,7937252,7937861,1,Xa_only,inactivated
p2_26695,chrX,7944102,7945610,1,Xa_only,inactivated
p2_26696,chrX,7946841,7948922,1,Xa_only,inactivated
p2_26697,chrX,8058812,8059934,1,Xa_only,inactivated
p2_26698,chrX,8060058,8061163,1,Xa_only,inactivated
p2_26699,chrX,8066153,8067018,1,Xa_only,inactivated
p2_26700,chrX,8073486,8075284,1,Xa_only,inactivated
p2_26701,chrX,8096067,8097094,,,no_ase_genedata
p2_26702,chrX,8128926,8129483,1,,inactivated
p2_26703,chrX,8131785,8133386,1,Xa_only,inactivated
p2_26704,chrX,8135676,8138912,1,Xa_only,inactivated
p2_26705,chrX,8138996,8142551,1,Xa_only,inactivated
p2_26706,chrX,8142993,8146495,0.06508,Xa_only,inactivated
p2_26707,chrX,8175407,8176392,1,Xa_only,inactivated
p2_26708,chrX,8192142,8193535,1,Xa_only,inactivated
p2_26709,chrX,8206178,8206875,1,,no_ase_genedata
p2_26710,chrX,8891914,8893698,0.10745,Xa_only,no_ase_genedata
p2_26711,chrX,9200021,9200934,1,Xa_only,no_ase_genedata
p2_26712,chrX,9272170,9273295,1,Xa_only,inactivated
p2_26713,chrX,9662307,9663316,1,Xa_only,no_ase_genedata
p2_26714,chrX,10216089,10217122,0.02828,XaXi,inactivated
p2_26715,chrX,10716740,10717974,1,,no_ase_genedata
p2_26716,chrX,10718004,10718540,1,,no_ase_genedata
p2_26717,chrX,11664053,11665511,1,Xa_only,intergenic
p2_26718,chrX,11998531,11999635,1,Xa_only,intergenic
p2_26719,chrX,12005228,12008043,1,Xa_only,intergenic
p2_26720,chrX,12029909,12032583,1,Xa_only,inactivated
p2_26721,chrX,12032815,12036128,1,Xa_only,inactivated
p2_26722,chrX,12039127,12040100,1,Xa_only,inactivated
p2_26723,chrX,12040722,12042994,1,Xa_only,inactivated
p2_26724,chrX,12043239,12044013,1,Xa_only,inactivated
p2_26725,chrX,12044610,12045301,1,Xa_only,inactivated
p2_26726,chrX,12045380,12046304,0.15804,,inactivated
p2_26727,chrX,12046397,12047119,1,Xa_only,inactivated
p2_26728,chrX,12048273,12049373,1,Xa_only,inactivated
p2_26729,chrX,12051242,12052054,1,Xa_only,inactivated
p2_26730,chrX,12054101,12055076,1,Xa_only,inactivated
p2_26731,chrX,12055234,12058831,1,Xa_only,inactivated
p2_26732,chrX,12058988,12061100,1,Xa_only,inactivated
p2_26733,chrX,12061720,12062750,1,,inactivated
p2_26734,chrX,12063243,12064543,1,Xa_only,inactivated
p2_26735,chrX,12065563,12066387,1,Xa_only,inactivated
p2_26736,chrX,12068826,12070193,1,Xa_only,inactivated
p2_26737,chrX,12072714,12073498,1,,inactivated
p2_26738,chrX,12076194,12078230,1,Xa_only,inactivated
p2_26739,chrX,12078248,12082374,1,Xa_only,inactivated
p2_26740,chrX,12082412,12083474,1,Xa_only,inactivated
p2_26741,chrX,12086172,12092658,0.01828,XaXi,inactivated
p2_26742,chrX,12124543,12126192,1,Xa_only,inactivated
p2_26743,chrX,12126596,12130079,1,Xa_only,inactivated
p2_26744,chrX,12132901,12134243,1,Xa_only,inactivated
p2_26745,chrX,12134280,12135044,1,,inactivated
p2_26746,chrX,12135151,12138706,1,Xa_only,inactivated
p2_26747,chrX,12139504,12140793,0.03523,XaXi,inactivated
p2_26748,chrX,12151214,12152919,1,Xa_only,inactivated
p2_26749,chrX,12155538,12156900,1,,inactivated
p2_26750,chrX,12157303,12157994,1,,inactivated
p2_26751,chrX,12158187,12161071,0.29076,Xa_only,inactivated
p2_26752,chrX,12587240,12588523,1,Xa_only,inactivated
p2_26753,chrX,12672597,12674248,1,Xa_only,inactivated
p2_26754,chrX,12760978,12762910,1,Xa_only,inactivated
p2_26755,chrX,12936639,12937436,1,Xa_only,intergenic
p2_26756,chrX,13041530,13042556,1,,no_ase_genedata
p2_26757,chrX,13070139,13073545,0.11852,Xa_only,inactivated
p2_26758,chrX,13076595,13077290,1,Xa_only,inactivated
p2_26759,chrX,13096947,13098171,1,Xa_only,inactivated
p2_26760,chrX,13127988,13128910,1,,inactivated
p2_26761,chrX,13197593,13198446,1,,intergenic
p2_26762,chrX,13199173,13200192,1,Xa_only,intergenic
p2_26763,chrX,13207885,13208568,1,Xa_only,intergenic
p2_26764,chrX,13279921,13283663,0.04607,Xa_only,inactivated
p2_26765,chrX,13283737,13286444,1,Xa_only,inactivated
p2_26766,chrX,13286785,13287797,1,Xa_only,inactivated
p2_26767,chrX,13287814,13289592,1,,inactivated
p2_26768,chrX,13292270,13292808,1,,inactivated
p2_26769,chrX,13293844,13296207,0.18361,Xa_only,inactivated
p2_26770,chrX,13461269,13462440,1,,no_ase_genedata
p2_26771,chrX,13485793,13487214,1,,no_ase_genedata
p2_26772,chrX,13845844,13847266,0.0822,Xa_only,no_ase_genedata
p2_26773,chrX,16617891,16619187,0.04105,Xa_only,inactivated
p2_26774,chrX,17571731,17572557,1,,inactivated
p2_26775,chrX,18161484,18164112,0.24575,Xa_only,escaping
p2_26776,chrX,19237369,19238226,1,Xa_only,intergenic
p2_26777,chrX,20059681,20060388,1,Xa_only,no_ase_genedata
p2_26778,chrX,20291088,20292124,1,Xa_only,no_ase_genedata
p2_26779,chrX,20364041,20365116,1,Xa_only,inactivated
p2_26780,chrX,20424559,20426934,0.1803,Xa_only,no_ase_genedata
p2_26781,chrX,20428456,20429308,1,Xa_only,no_ase_genedata
p2_26782,chrX,20616543,20618644,1,Xa_only,inactivated
p2_26783,chrX,20637022,20637970,0.10791,Xa_only,inactivated
p2_26784,chrX,20657993,20658682,1,,no_ase_genedata
p2_26785,chrX,20662264,20663613,0.10801,,no_ase_genedata
p2_26786,chrX,20684813,20686258,1,Xa_only,no_ase_genedata
p2_26787,chrX,20687000,20689452,0.0408,Xa_only,no_ase_genedata
p2_26788,chrX,20701256,20702399,1,Xa_only,no_ase_genedata
p2_26789,chrX,20703273,20705151,1,Xa_only,no_ase_genedata
p2_26790,chrX,20848161,20849058,0.00012,XaXi,inactivated
p2_26791,chrX,20861780,20863684,1,Xa_only,inactivated
p2_26792,chrX,20920328,20921452,1,,nontranscribed
p2_26793,chrX,20949907,20951262,0.16037,Xa_only,inactivated
p2_26794,chrX,20961293,20962483,1,,inactivated
p2_26795,chrX,23213765,23215410,1,Xa_only,no_ase_genedata
p2_26796,chrX,23215907,23216744,1,,no_ase_genedata
p2_26797,chrX,23264826,23265791,1,Xa_only,no_ase_genedata
p2_26798,chrX,23270465,23271233,1,,no_ase_genedata
p2_26799,chrX,23289147,23289782,1,Xa_only,no_ase_genedata
p2_26800,chrX,23291787,23292560,1,Xa_only,no_ase_genedata
p2_26801,chrX,23328214,23329081,1,,no_ase_genedata
p2_26802,chrX,23334791,23335606,1,Xa_only,no_ase_genedata
p2_26803,chrX,23338318,23338968,1,,no_ase_genedata
p2_26804,chrX,23343886,23346175,1,Xa_only,no_ase_genedata
p2_26805,chrX,23346412,23347867,1,Xa_only,no_ase_genedata
p2_26806,chrX,23348402,23350169,0.15655,Xa_only,no_ase_genedata
p2_26807,chrX,23353767,23355782,1,Xa_only,no_ase_genedata
p2_26808,chrX,23357866,23362005,1,Xa_only,no_ase_genedata
p2_26809,chrX,23364275,23365599,1,,no_ase_genedata
p2_26810,chrX,23692538,23693694,1,,no_ase_genedata
p2_26811,chrX,35888315,35889570,1,,no_ase_genedata
p2_26812,chrX,36025358,36026357,1,Xa_only,no_ase_genedata
p2_26813,chrX,36111700,36112804,1,Xa_only,no_ase_genedata
p2_26814,chrX,36327800,36329063,1,,no_ase_genedata
p2_26815,chrX,36597733,36599208,1,Xa_only,no_ase_genedata
p2_26816,chrX,36600454,36601562,1,,no_ase_genedata
p2_26817,chrX,36644425,36645689,1,,no_ase_genedata
p2_26818,chrX,36742990,36744481,1,,no_ase_genedata
p2_26819,chrX,36794842,36796818,0.01337,XaXi,no_ase_genedata
p2_26820,chrX,36798589,36800058,1,,no_ase_genedata
p2_26821,chrX,36807265,36808401,1,,intergenic
p2_26822,chrX,36863952,36864771,1,,no_ase_genedata
p2_26823,chrX,36873824,36875688,1,,no_ase_genedata
p2_26824,chrX,36902453,36904088,1,,no_ase_genedata
p2_26825,chrX,36988891,36989940,1,,no_ase_genedata
p2_26826,chrX,37048335,37048911,1,,no_ase_genedata
p2_26827,chrX,37079341,37085869,1,,no_ase_genedata
p2_26828,chrX,37109836,37110906,1,,inactivated
p2_26829,chrX,37126716,37127456,0.01313,XaXi,escaping
p2_26830,chrX,37190456,37191947,1,,no_ase_genedata
p2_26831,chrX,37210383,37211596,1,,nontranscribed
p2_26832,chrX,38189369,38190586,1,Xa_only,inactivated
p2_26833,chrX,38447419,38448554,1,Xa_only,no_ase_genedata
p2_26834,chrX,38455646,38457080,1,Xa_only,no_ase_genedata
p2_26835,chrX,38473224,38474180,1,,intergenic
p2_26836,chrX,38516952,38518537,1,,intergenic
p2_26837,chrX,38520592,38522251,1,,intergenic
p2_26838,chrX,38522272,38523002,1,,intergenic
p2_26839,chrX,38523930,38524828,1,,intergenic
p2_26840,chrX,38526442,38527721,1,,intergenic
p2_26841,chrX,38528677,38529895,1,Xa_only,no_ase_genedata
p2_26842,chrX,38533748,38534532,1,,no_ase_genedata
p2_26843,chrX,38537064,38538425,1,,no_ase_genedata
p2_26844,chrX,38548587,38550137,1,,no_ase_genedata
p2_26845,chrX,38551780,38553577,1,,no_ase_genedata
p2_26846,chrX,38554827,38555904,1,,no_ase_genedata
p2_26847,chrX,38558145,38558982,1,,no_ase_genedata
p2_26848,chrX,38562792,38563466,1,,no_ase_genedata
p2_26849,chrX,38563639,38565517,1,,no_ase_genedata
p2_26850,chrX,38565674,38567579,1,,no_ase_genedata
p2_26851,chrX,38568814,38569581,1,,no_ase_genedata
p2_26852,chrX,38569906,38570772,1,,no_ase_genedata
p2_26853,chrX,38571083,38572617,1,,no_ase_genedata
p2_26854,chrX,38574771,38576799,1,,no_ase_genedata
p2_26855,chrX,38600341,38601137,1,,no_ase_genedata
p2_26856,chrX,38634541,38635641,1,,no_ase_genedata
p2_26857,chrX,41910757,41912282,1,,no_ase_genedata
p2_26858,chrX,42067486,42069035,1,Xa_only,inactivated
p2_26859,chrX,42148304,42151301,0.10575,Xa_only,no_ase_genedata
p2_26860,chrX,42151742,42152346,1,Xa_only,no_ase_genedata
p2_26861,chrX,44367605,44368534,1,,no_ase_genedata
p2_26862,chrX,44789397,44790388,1,,no_ase_genedata
p2_26863,chrX,47912142,47912876,1,,inactivated
p2_26864,chrX,48034055,48035165,0.05495,,no_ase_genedata
p2_26865,chrX,48207845,48209325,1,Xa_only,no_ase_genedata
p2_26866,chrX,48234333,48234971,0.07999,,intergenic
p2_26867,chrX,48255981,48257488,0.00124,XaXi,escaping
p2_26868,chrX,48284308,48286402,1,Xa_only,escaping
p2_26869,chrX,48314323,48315565,1,Xa_only,intergenic
p2_26870,chrX,48340546,48342591,1,,no_ase_genedata
p2_26871,chrX,48342791,48344347,0.00267,XaXi,no_ase_genedata
p2_26872,chrX,48344603,48345117,1,,no_ase_genedata
p2_26873,chrX,48345330,48346198,1,Xa_only,no_ase_genedata
p2_26874,chrX,48409459,48410745,1,,inactivated
p2_26875,chrX,48452766,48455175,0.08097,Xa_only,inactivated
p2_26876,chrX,48462570,48463150,0.01893,XaXi,intergenic
p2_26877,chrX,48513020,48513824,1,Xa_only,no_ase_genedata
p2_26878,chrX,48518201,48519886,0.02677,Xi_only,no_ase_genedata
p2_26879,chrX,48593891,48594895,0.08325,Xa_only,inactivated
p2_26880,chrX,48623425,48624548,1,,inactivated
p2_26881,chrX,48694654,48695678,1,Xa_only,inactivated
p2_26882,chrX,50619803,50620474,1,Xa_only,no_ase_genedata
p2_26883,chrX,50634591,50635938,1,Xa_only,no_ase_genedata
p2_26884,chrX,51017375,51019689,1,,no_ase_genedata
p2_26885,chrX,51204807,51206511,1,,no_ase_genedata
p2_26886,chrX,51680921,51681795,1,,no_ase_genedata
p2_26887,chrX,52164221,52165747,0.09192,Xa_only,inactivated
p2_26888,chrX,52613560,52614417,0.04052,Xa_only,nontranscribed
p2_26889,chrX,52911759,52912819,1,Xa_only,inactivated
p2_26890,chrX,52987365,52988811,0.39976,Xa_only,no_ase_genedata
p2_26891,chrX,53052205,53053510,1,Xa_only,no_ase_genedata
p2_26892,chrX,53056314,53057831,1,Xa_only,no_ase_genedata
p2_26893,chrX,53268697,53270204,1,Xa_only,inactivated
p2_26894,chrX,53369574,53371141,1,Xa_only,inactivated
p2_26895,chrX,53716521,53717141,1,Xa_only,no_ase_genedata
p2_26896,chrX,56346037,56346775,1,,inactivated
p2_26897,chrX,56374174,56375299,1,Xa_only,no_ase_genedata
p2_26898,chrX,56454441,56456308,0.03941,Xa_only,no_ase_genedata
p2_26899,chrX,56597235,56598646,1,,no_ase_genedata
p2_26900,chrX,56609059,56610268,0.22388,Xa_only,inactivated
p2_26901,chrX,56730869,56732567,0.01976,XaXi,inactivated
p2_26902,chrX,57052702,57054348,0.18069,Xa_only,inactivated
p2_26903,chrX,57392240,57393301,1,Xa_only,inactivated
p2_26904,chrX,58029725,58031351,1,Xa_only,no_ase_genedata
p2_26905,chrX,58031516,58032244,1,Xa_only,no_ase_genedata
p2_26906,chrX,58038004,58039139,1,Xa_only,no_ase_genedata
p2_26907,chrX,60402735,60405168,0.01979,XaXi,inactivated
p2_26908,chrX,60892877,60893783,1,,no_ase_genedata
p2_26909,chrX,64173252,64173842,1,Xa_only,no_ase_genedata
p2_26910,chrX,64276585,64277090,1,,no_ase_genedata
p2_26911,chrX,68678018,68679819,1,Xa_only,no_ase_genedata
p2_26912,chrX,70364522,70365747,1,Xa_only,no_ase_genedata
p2_26913,chrX,70476695,70477356,1,,inactivated
p2_26914,chrX,71049771,71050394,0.02827,Xi_only,no_ase_genedata
p2_26915,chrX,71214630,71215947,0.15697,Xa_only,inactivated
p2_26916,chrX,71364400,71365436,1,Xa_only,inactivated
p2_26917,chrX,71492043,71493246,1,Xa_only,inactivated
p2_26918,chrX,71555503,71557423,0.10771,Xa_only,inactivated
p2_26919,chrX,71664074,71664809,1,Xa_only,no_ase_genedata
p2_26920,chrX,71815909,71817407,1,Xa_only,inactivated
p2_26921,chrX,71961885,71963382,1,Xa_only,inactivated
p2_26922,chrX,72274058,72274992,0.08022,Xa_only,no_ase_genedata
p2_26923,chrX,72825128,72825599,0.0289,Xi_only,no_ase_genedata
p2_26924,chrX,72917991,72919166,1,,inactivated
p2_26925,chrX,72986740,72988166,1,Xa_only,no_ase_genedata
p2_26926,chrX,73063982,73064863,1,,no_ase_genedata
p2_26927,chrX,73227770,73229461,1,Xa_only,inactivated
p2_26928,chrX,73265068,73265609,1,Xa_only,inactivated
p2_26929,chrX,73342085,73343508,1,,inactivated
p2_26930,chrX,73458508,73459586,1,Xa_only,inactivated
p2_26931,chrX,73503072,73503845,1,,no_ase_genedata
p2_26932,chrX,73576373,73577253,1,,intergenic
p2_26933,chrX,73635116,73635850,1,,inactivated
p2_26934,chrX,73637210,73638058,1,,inactivated
p2_26935,chrX,73638902,73641158,1,Xa_only,inactivated
p2_26936,chrX,73641205,73643232,1,Xa_only,inactivated
p2_26937,chrX,73643235,73645198,1,Xa_only,inactivated
p2_26938,chrX,73659501,73660352,1,,inactivated
p2_26939,chrX,73672815,73674736,1,,inactivated
p2_26940,chrX,73679299,73680045,1,,inactivated
p2_26941,chrX,73715387,73717734,1,Xa_only,inactivated
p2_26942,chrX,73772542,73775666,1,Xa_only,inactivated
p2_26943,chrX,73786256,73787874,1,Xa_only,inactivated
p2_26944,chrX,73793073,73795732,1,Xa_only,inactivated
p2_26945,chrX,73798116,73799344,0.00279,Xi_only,no_ase_genedata
p2_26946,chrX,73799473,73800574,1,,no_ase_genedata
p2_26947,chrX,73824039,73825294,1,Xa_only,no_ase_genedata
p2_26948,chrX,73880534,73881168,0.0255,Xi_only,no_ase_genedata
p2_26949,chrX,73910632,73911991,0.00553,XaXi,inactivated
p2_26950,chrX,73914346,73915528,1,Xa_only,inactivated
p2_26951,chrX,73921107,73922958,1,Xa_only,inactivated
p2_26952,chrX,73930560,73931232,1,,inactivated
p2_26953,chrX,73941440,73942396,1,Xa_only,inactivated
p2_26954,chrX,73947580,73948582,1,Xa_only,inactivated
p2_26955,chrX,73949293,73950204,1,,inactivated
p2_26956,chrX,73965072,73968393,1,Xa_only,inactivated
p2_26957,chrX,74022752,74024343,1,Xa_only,inactivated
p2_26958,chrX,74035143,74035722,1,Xa_only,no_ase_genedata
p2_26959,chrX,74084784,74086556,1,Xa_only,no_ase_genedata
p2_26960,chrX,74244169,74245095,1,Xa_only,inactivated
p2_26961,chrX,74245246,74247212,0.00014,XaXi,inactivated
p2_26962,chrX,74249414,74250535,1,,inactivated
p2_26963,chrX,74254267,74255377,1,Xa_only,inactivated
p2_26964,chrX,74259724,74260512,1,Xa_only,inactivated
p2_26965,chrX,74260728,74261174,0.10834,Xa_only,inactivated
p2_26966,chrX,74269348,74272538,1,Xa_only,inactivated
p2_26967,chrX,74272697,74274654,0.24822,Xa_only,inactivated
p2_26968,chrX,74281336,74282063,1,Xa_only,inactivated
p2_26969,chrX,74282315,74283497,1,Xa_only,inactivated
p2_26970,chrX,74296400,74297773,1,Xa_only,no_ase_genedata
p2_26971,chrX,74304326,74305915,1,Xa_only,inactivated
p2_26972,chrX,74312014,74313816,0.02264,XaXi,inactivated
p2_26973,chrX,74328277,74329422,0.01295,XaXi,no_ase_genedata
p2_26974,chrX,74353216,74354045,1,,inactivated
p2_26975,chrX,74367673,74369214,1,Xa_only,inactivated
p2_26976,chrX,74372946,74373786,1,Xa_only,inactivated
p2_26977,chrX,74392513,74393632,1,Xa_only,inactivated
p2_26978,chrX,74428369,74430054,1,Xa_only,inactivated
p2_26979,chrX,75095340,75096726,0.03904,Xa_only,inactivated
p2_26980,chrX,75130392,75131286,1,,inactivated
p2_26981,chrX,75382138,75382794,1,Xa_only,escaping
p2_26982,chrX,75415949,75416974,1,Xa_only,inactivated
p2_26983,chrX,75672594,75674188,0.07867,,intergenic
p2_26984,chrX,75764487,75765234,1,,no_ase_genedata
p2_26985,chrX,75874821,75875411,1,Xa_only,inactivated
p2_26986,chrX,77509290,77509942,1,,inactivated
p2_26987,chrX,77510101,77512364,0.15438,Xa_only,inactivated
p2_26988,chrX,77665099,77666779,1,Xa_only,inactivated
p2_26989,chrX,77794972,77797338,1,Xa_only,inactivated
p2_26990,chrX,78583416,78584287,1,Xa_only,no_ase_genedata
p2_26991,chrX,85048121,85048871,1,,escaping
p2_26992,chrX,85573108,85575060,0.22431,Xa_only,inactivated
p2_26993,chrX,85776016,85777165,0.05465,Xa_only,inactivated
p2_26994,chrX,86191613,86192416,0.01909,XaXi,inactivated
p2_26995,chrX,87237837,87238626,1,,nontranscribed
p2_26996,chrX,93631517,93632607,1,Xa_only,inactivated
p2_26997,chrX,93831690,93832593,1,Xa_only,inactivated
p2_26998,chrX,93980359,93981015,1,,no_ase_genedata
p2_26999,chrX,93988560,93989108,0.0909,Xa_only,intergenic
p2_27000,chrX,94104189,94104659,1,,inactivated
p2_27001,chrX,94108953,94109622,1,Xa_only,inactivated
p2_27002,chrX,94121592,94124106,1,Xa_only,inactivated
p2_27003,chrX,94149966,94151070,1,Xa_only,intergenic
p2_27004,chrX,94176960,94178581,0.05506,Xa_only,intergenic
p2_27005,chrX,94211981,94213844,0.00073,XaXi,escaping
p2_27006,chrX,94234010,94235830,0.0318,XaXi,inactivated
p2_27007,chrX,94366542,94367536,1,Xa_only,inactivated
p2_27008,chrX,94540613,94541355,1,,inactivated
p2_27009,chrX,94541608,94542939,1,Xa_only,inactivated
p2_27010,chrX,94635879,94636800,1,Xa_only,no_ase_genedata
p2_27011,chrX,94865481,94866369,1,,intergenic
p2_27012,chrX,95443753,95444659,1,,no_ase_genedata
p2_27013,chrX,95956463,95957317,0.24579,Xa_only,inactivated
p2_27014,chrX,95967422,95969028,0.15817,Xa_only,intergenic
p2_27015,chrX,96095261,96096879,1,Xa_only,no_ase_genedata
p2_27016,chrX,97376218,97377638,0.08064,Xa_only,no_ase_genedata
p2_27017,chrX,98149795,98150385,1,,no_ase_genedata
p2_27018,chrX,98936586,98938550,0.00314,XaXi,escaping
p2_27019,chrX,99042290,99043711,0.13221,Xa_only,inactivated
p2_27020,chrX,99048873,99049868,1,Xa_only,inactivated
p2_27021,chrX,99054500,99055244,1,Xa_only,inactivated
p2_27022,chrX,99071084,99071641,1,,inactivated
p2_27023,chrX,99072314,99073314,1,Xa_only,inactivated
p2_27024,chrX,99075062,99077090,0.2915,Xa_only,inactivated
p2_27025,chrX,99135524,99137090,1,,inactivated
p2_27026,chrX,99216568,99217436,0.15557,,intergenic
p2_27027,chrX,99469905,99471057,1,Xa_only,inactivated
p2_27028,chrX,99820123,99821553,1,,no_ase_genedata
p2_27029,chrX,99853161,99853980,0.013,XaXi,intergenic
p2_27030,chrX,99975207,99976247,0.0282,Xi_only,no_ase_genedata
p2_27031,chrX,100493928,100494804,0.15699,,inactivated
p2_27032,chrX,100617355,100618348,1,,nontranscribed
p2_27033,chrX,100625231,100626865,1,Xa_only,inactivated
p2_27034,chrX,100767593,100768272,0.02756,Xi_only,inactivated
p2_27035,chrX,100774343,100775019,1,,inactivated
p2_27036,chrX,100776538,100777786,0.08032,,inactivated
p2_27037,chrX,101221834,101223097,1,Xa_only,no_ase_genedata
p2_27038,chrX,101253615,101255563,1,Xa_only,inactivated
p2_27039,chrX,101256542,101257494,1,,inactivated
p2_27040,chrX,101257740,101258788,1,,inactivated
p2_27041,chrX,101260508,101261512,1,,inactivated
p2_27042,chrX,101273609,101274640,1,,inactivated
p2_27043,chrX,101298882,101299770,1,Xa_only,inactivated
p2_27044,chrX,101331714,101333574,1,Xa_only,intergenic
p2_27045,chrX,101418779,101420532,1,,inactivated
p2_27046,chrX,101428866,101430924,1,Xa_only,inactivated
p2_27047,chrX,101435835,101437024,1,,inactivated
p2_27048,chrX,101448776,101449873,1,Xa_only,inactivated
p2_27049,chrX,101450290,101451920,1,Xa_only,inactivated
p2_27050,chrX,101521986,101525726,0,XaXi,intergenic
p2_27051,chrX,101525738,101533499,0,XaXi,escaping
p2_27052,chrX,101639461,101640613,1,,escaping
p2_27053,chrX,101645058,101645793,1,,escaping
p2_27054,chrX,101646720,101647848,1,,escaping
p2_27055,chrX,101650607,101652322,1,Xa_only,escaping
p2_27056,chrX,101666715,101667533,1,,escaping
p2_27057,chrX,101668282,101668916,1,,escaping
p2_27058,chrX,101674329,101675279,0.05552,,escaping
p2_27059,chrX,101678993,101679761,1,Xa_only,escaping
p2_27060,chrX,101681469,101683681,0.07981,,escaping
p2_27061,chrX,101697000,101698669,1,Xa_only,intergenic
p2_27062,chrX,101793669,101795298,0.10656,Xa_only,inactivated
p2_27063,chrX,101953754,101954631,0.10756,Xa_only,nontranscribed
p2_27064,chrX,101979062,101979764,1,Xa_only,intergenic
p2_27065,chrX,102070795,102071560,1,Xa_only,no_ase_genedata
p2_27066,chrX,102156397,102157965,0.00146,XaXi,escaping
p2_27067,chrX,102181218,102185427,0.02705,XaXi,escaping
p2_27068,chrX,102185769,102189885,0,XaXi,escaping
p2_27069,chrX,102249926,102252738,0.00006,XaXi,inactivated
p2_27070,chrX,102643819,102644669,1,Xa_only,no_ase_genedata
p2_27071,chrX,102933679,102934351,1,Xa_only,nontranscribed
p2_27072,chrX,103356008,103357034,1,,no_ase_genedata
p2_27073,chrX,103404899,103405888,1,Xa_only,intergenic
p2_27074,chrX,103447534,103448232,1,,inactivated
p2_27075,chrX,103458718,103460262,1,,escaping
p2_27076,chrX,103481205,103483535,0.00546,Xi_only,escaping
p2_27077,chrX,103492548,103495007,0,XaXi,escaping
p2_27078,chrX,103509059,103510389,0.1056,,escaping
p2_27079,chrX,103515042,103516089,1,Xa_only,intergenic
p2_27080,chrX,103528835,103529887,0.13254,Xa_only,no_ase_genedata
p2_27081,chrX,103550980,103552238,1,Xa_only,intergenic
p2_27082,chrX,103552891,103553831,1,,intergenic
p2_27083,chrX,103554172,103554864,0.03924,Xa_only,intergenic
p2_27084,chrX,103556248,103557453,1,Xa_only,escaping
p2_27085,chrX,103559132,103560129,1,Xa_only,escaping
p2_27086,chrX,103576716,103577640,0.11853,Xa_only,escaping
p2_27087,chrX,103583789,103584563,1,Xa_only,escaping
p2_27088,chrX,103614355,103615561,1,,escaping
p2_27089,chrX,103615820,103617879,0.01131,XaXi,escaping
p2_27090,chrX,103621258,103621977,1,,escaping
p2_27091,chrX,103621998,103622694,0.0804,Xa_only,escaping
p2_27092,chrX,103623096,103624006,1,Xa_only,escaping
p2_27093,chrX,103821202,103822191,0.0125,Xi_only,no_ase_genedata
p2_27094,chrX,103951622,103962206,1,Xa_only,no_ase_genedata
p2_27095,chrX,103966359,103967429,1,,no_ase_genedata
p2_27096,chrX,103972227,103973463,1,Xa_only,no_ase_genedata
p2_27097,chrX,103974055,103975507,1,Xa_only,no_ase_genedata
p2_27098,chrX,103975867,103976579,1,,no_ase_genedata
p2_27099,chrX,103977016,103977991,1,Xa_only,no_ase_genedata
p2_27100,chrX,103978981,103982281,1,Xa_only,no_ase_genedata
p2_27101,chrX,104199135,104201716,1,Xa_only,inactivated
p2_27102,chrX,104413270,104414266,1,Xa_only,inactivated
p2_27103,chrX,104670489,104671465,1,,no_ase_genedata
p2_27104,chrX,105079356,105080238,0.00076,Xi_only,escaping
p2_27105,chrX,105119513,105121923,0.00674,XaXi,escaping
p2_27106,chrX,105764723,105765572,1,,no_ase_genedata
p2_27107,chrX,105790939,105791685,1,,intergenic
p2_27108,chrX,105792857,105793864,1,Xa_only,inactivated
p2_27109,chrX,105927908,105929649,1,Xa_only,inactivated
p2_27110,chrX,106011161,106012369,0.18167,Xa_only,inactivated
p2_27111,chrX,106015128,106016121,0.17956,Xa_only,inactivated
p2_27112,chrX,106026566,106027736,0.05576,Xa_only,inactivated
p2_27113,chrX,106186479,106189041,1,Xa_only,inactivated
p2_27114,chrX,106203484,106204127,1,,inactivated
p2_27115,chrX,106204420,106205429,1,Xa_only,inactivated
p2_27116,chrX,106206470,106207528,1,,inactivated
p2_27117,chrX,106208063,106208826,1,Xa_only,inactivated
p2_27118,chrX,106209157,106209813,1,,inactivated
p2_27119,chrX,106219102,106220080,0.0092,XaXi,inactivated
p2_27120,chrX,107815705,107816632,0.05273,Xa_only,inactivated
p2_27121,chrX,108834101,108834853,1,,inactivated
p2_27122,chrX,109012807,109014026,1,,inactivated
p2_27123,chrX,109095081,109095683,1,,no_ase_genedata
p2_27124,chrX,111462488,111463212,1,,inactivated
p2_27125,chrX,112311208,112311776,1,,no_ase_genedata
p2_27126,chrX,112600382,112601838,1,,nontranscribed
p2_27127,chrX,113184769,113185689,0.01347,Xi_only,no_ase_genedata
p2_27128,chrX,122396878,122397620,1,Xa_only,no_ase_genedata
p2_27129,chrX,123103054,123103929,1,,no_ase_genedata
p2_27130,chrX,129749364,129750504,1,,inactivated
p2_27131,chrX,133686897,133687822,1,,nontranscribed
p2_27132,chrX,133688364,133689142,1,,nontranscribed
p2_27133,chrX,134058737,134060162,1,Xa_only,inactivated
p2_27134,chrX,134149980,134150529,1,,no_ase_genedata
p2_27135,chrX,134276459,134277545,1,,no_ase_genedata
p2_27136,chrX,134307608,134308478,1,Xa_only,inactivated
p2_27137,chrX,134541148,134542424,1,,no_ase_genedata
p2_27138,chrX,134585088,134590913,1,Xa_only,inactivated
p2_27139,chrX,134600710,134601859,1,,inactivated
p2_27140,chrX,134608698,134609641,1,,no_ase_genedata
p2_27141,chrX,134612277,134613089,1,Xa_only,intergenic
p2_27142,chrX,134686333,134687041,1,,intergenic
p2_27143,chrX,135008647,135009667,1,Xa_only,inactivated
p2_27144,chrX,135575719,135576452,1,,no_ase_genedata
p2_27145,chrX,135742193,135743093,1,Xa_only,escaping
p2_27146,chrX,135795517,135796825,1,Xa_only,escaping
p2_27147,chrX,135885093,135886497,0.08042,Xa_only,inactivated
p2_27148,chrX,136212064,136215347,0.54809,Xa_only,inactivated
p2_27149,chrX,136215517,136216168,1,,inactivated
p2_27150,chrX,136244462,136246258,1,Xa_only,no_ase_genedata
p2_27151,chrX,136246977,136250786,1,Xa_only,no_ase_genedata
p2_27152,chrX,136269535,136270300,1,Xa_only,nontranscribed
p2_27153,chrX,136270742,136274321,1,,nontranscribed
p2_27154,chrX,136729913,136733112,0.0544,Xa_only,no_ase_genedata
p2_27155,chrX,136734490,136735923,0.05289,,no_ase_genedata
p2_27156,chrX,136736074,136737370,1,Xa_only,inactivated
p2_27157,chrX,136737907,136739392,1,,inactivated
p2_27158,chrX,136739430,136743954,0.1617,Xa_only,inactivated
p2_27159,chrX,136992738,136993661,1,Xa_only,inactivated
p2_27160,chrX,137037413,137038771,0.07741,Xa_only,inactivated
p2_27161,chrX,137049015,137050460,1,Xa_only,inactivated
p2_27162,chrX,137118107,137119262,0.09167,Xa_only,inactivated
p2_27163,chrX,137119301,137120570,0.17825,Xa_only,inactivated
p2_27164,chrX,138914152,138914676,1,,no_ase_genedata
p2_27165,chrX,139209777,139210727,1,Xa_only,inactivated
p2_27166,chrX,139333048,139334897,1,Xa_only,inactivated
p2_27167,chrX,139338180,139339075,1,Xa_only,inactivated
p2_27168,chrX,139357303,139358237,1,Xa_only,inactivated
p2_27169,chrX,139609844,139611669,0.00035,XaXi,escaping
p2_27170,chrX,139674455,139675142,1,,escaping
p2_27171,chrX,139814391,139822189,0.70589,Xa_only,no_ase_genedata
p2_27172,chrX,139823049,139823880,1,,no_ase_genedata
p2_27173,chrX,139823909,139824504,1,,no_ase_genedata
p2_27174,chrX,139831844,139832797,1,Xa_only,no_ase_genedata
p2_27175,chrX,139833247,139834120,1,Xa_only,no_ase_genedata
p2_27176,chrX,139839912,139842603,1,Xa_only,no_ase_genedata
p2_27177,chrX,139848925,139849581,1,,no_ase_genedata
p2_27178,chrX,139849952,139851079,1,,no_ase_genedata
p2_27179,chrX,139852375,139854022,1,,no_ase_genedata
p2_27180,chrX,139854070,139855558,1,,no_ase_genedata
p2_27181,chrX,139859459,139860518,1,,no_ase_genedata
p2_27182,chrX,139863121,139866207,1,Xa_only,no_ase_genedata
p2_27183,chrX,139866745,139869544,1,Xa_only,no_ase_genedata
p2_27184,chrX,139869997,139870645,1,,no_ase_genedata
p2_27185,chrX,139870652,139872380,1,Xa_only,no_ase_genedata
p2_27186,chrX,139997490,139998701,1,,inactivated
p2_27187,chrX,140060824,140063267,1,Xa_only,inactivated
p2_27188,chrX,140277682,140278259,1,,intergenic
p2_27189,chrX,140511010,140511736,1,Xa_only,intergenic
p2_27190,chrX,140542384,140542906,1,Xa_only,inactivated
p2_27191,chrX,140599873,140600931,1,,inactivated
p2_27192,chrX,140664492,140665967,1,Xa_only,inactivated
p2_27193,chrX,142389798,142391334,1,Xa_only,no_ase_genedata
p2_27194,chrX,142680724,142682893,1,,inactivated
p2_27195,chrX,142965746,142967303,1,Xa_only,inactivated
p2_27196,chrX,144317306,144319502,0.00408,XaXi,no_ase_genedata
p2_27197,chrX,144324309,144325186,1,Xa_only,no_ase_genedata
p2_27198,chrX,144334064,144335616,1,Xa_only,no_ase_genedata
p2_27199,chrX,144338392,144339253,1,,no_ase_genedata
p2_27200,chrX,144362371,144362896,1,Xa_only,no_ase_genedata
p2_27201,chrX,144369303,144370235,1,Xa_only,no_ase_genedata
p2_27202,chrX,145504588,145505663,0.10671,Xa_only,intergenic
p2_27203,chrX,150458738,150459428,1,Xa_only,escaping
p2_27204,chrX,150477675,150479168,0.25079,Xa_only,intergenic
p2_27205,chrX,150587670,150588955,1,Xa_only,inactivated
p2_27206,chrX,150813157,150813927,1,,inactivated
p2_27207,chrX,151016709,151018261,1,Xa_only,inactivated
p2_27208,chrX,151046369,151048234,1,Xa_only,inactivated
p2_27209,chrX,151066671,151067580,1,,inactivated
p2_27210,chrX,151095675,151096789,1,Xa_only,inactivated
p2_27211,chrX,151168526,151170096,0.07985,Xa_only,intergenic
p2_27212,chrX,151343553,151345348,1,Xa_only,inactivated
p2_27213,chrX,151519877,151522533,1,Xa_only,inactivated
p2_27214,chrX,151800549,151801462,1,,inactivated
p2_27215,chrX,151802365,151804577,1,Xa_only,inactivated
p2_27216,chrX,152001338,152002292,1,Xa_only,inactivated
p2_27217,chrX,152015746,152017611,1,Xa_only,inactivated
p2_27218,chrX,152066472,152068175,1,,inactivated
p2_27219,chrX,152144012,152144892,1,,no_ase_genedata
p2_27220,chrX,152232460,152234370,0.00385,XaXi,escaping
p2_27221,chrX,152268473,152269498,0.02684,Xi_only,escaping
p2_27222,chrX,152272413,152273178,0.05482,Xa_only,escaping
p2_27223,chrX,152276451,152279284,1,Xa_only,escaping
p2_27224,chrX,152279453,152280794,0.10438,Xa_only,intergenic
p2_27225,chrX,152326967,152328068,0.03924,Xa_only,intergenic
p2_27226,chrX,152336463,152337232,1,Xa_only,no_ase_genedata
p2_27227,chrX,152341984,152343163,1,Xa_only,nontranscribed
p2_27228,chrX,152768778,152770426,1,Xa_only,inactivated
p2_27229,chrX,153006480,153007772,1,,no_ase_genedata
p2_27230,chrX,153037086,153037825,1,Xa_only,inactivated
p2_27231,chrX,153359273,153360322,1,Xa_only,inactivated
p2_27232,chrX,153497840,153499129,1,,inactivated
p2_27233,chrX,153499210,153499685,1,Xa_only,inactivated
p2_27234,chrX,153499789,153500299,1,Xa_only,inactivated
p2_27235,chrX,155215937,155216969,0.00077,XaXi,inactivated
p2_27236,chrX,155262020,155263101,0.08075,Xa_only,inactivated
p2_27237,chrX,155337584,155338874,1,Xa_only,inactivated
p2_27238,chrX,157491157,157492705,1,Xa_only,no_ase_genedata
p2_27239,chrX,157598011,157599136,1,Xa_only,inactivated
p2_27240,chrX,157612868,157613522,0.10686,,intergenic
p2_27241,chrX,158042827,158043595,0.05417,,no_ase_genedata
p2_27242,chrX,159254896,159256527,1,Xa_only,inactivated
p2_27243,chrX,159371402,159373022,0.18139,Xa_only,inactivated
p2_27244,chrX,159413971,159415248,1,,no_ase_genedata
p2_27245,chrX,159532301,159533781,1,Xa_only,no_ase_genedata
p2_27246,chrX,159626545,159628223,1,Xa_only,inactivated
p2_27247,chrX,159987813,159989091,1,Xa_only,intergenic
p2_27248,chrX,160132875,160133638,1,Xa_only,inactivated
p2_27249,chrX,160137423,160139220,0.01558,XaXi,inactivated
p2_27250,chrX,160390329,160391064,1,,no_ase_genedata
p2_27251,chrX,160501718,160502982,1,Xa_only,inactivated
p2_27252,chrX,160993958,160994955,0.01903,XaXi,no_ase_genedata
p2_27253,chrX,161716992,161717729,1,Xa_only,no_ase_genedata
p2_27254,chrX,162159489,162160454,1,Xa_only,inactivated
p2_27255,chrX,162643126,162644082,1,Xa_only,no_ase_genedata
p2_27256,chrX,162735020,162736802,1,Xa_only,intergenic
p2_27257,chrX,162759471,162761809,1,Xa_only,inactivated
p2_27258,chrX,162764121,162765443,1,Xa_only,inactivated
p2_27259,chrX,162765503,162766871,1,Xa_only,inactivated
p2_27260,chrX,162767282,162769115,1,Xa_only,inactivated
p2_27261,chrX,162772936,162774146,1,Xa_only,escaping
p2_27262,chrX,162774688,162776445,1,,escaping
p2_27263,chrX,162776511,162778572,1,,escaping
p2_27264,chrX,162781312,162792396,1,Xa_only,escaping
p2_27265,chrX,162792538,162793583,1,Xa_only,escaping
p2_27266,chrX,162824344,162825356,1,Xa_only,escaping
p2_27267,chrX,162828489,162830062,1,Xa_only,escaping
p2_27268,chrX,162887764,162888806,0.00084,XaXi,escaping
p2_27269,chrX,162901556,162902717,0.08092,Xa_only,no_ase_genedata
p2_27270,chrX,163908056,163909845,0.00004,XaXi,escaping
p2_27271,chrX,163933919,163935256,0.24716,Xa_only,escaping
p2_27272,chrX,163936051,163936981,0.03906,,escaping
p2_27273,chrX,163957514,163959491,0,XaXi,escaping
p2_27274,chrX,164075476,164077190,0.14315,Xa_only,escaping
p2_27275,chrX,164269215,164270146,1,Xa_only,inactivated
p2_27276,chrX,164381286,164382684,1,Xa_only,no_ase_genedata
p2_27277,chrX,164419096,164420290,1,Xa_only,inactivated
p2_27278,chrX,164979852,164980964,1,Xa_only,inactivated
p2_27279,chrX,166170063,166170697,1,Xa_only,inactivated
p2_27280,chrX,166238501,166239616,1,Xa_only,no_ase_genedata
p2_27281,chrX,166439683,166441310,1,Xa_only,inactivated
p2_27282,chrX,166455511,166456923,1,,inactivated
p2_27283,chrX,166479101,166480248,0.20158,Xa_only,no_ase_genedata
p2_27284,chrX,166509343,166511183,1,Xa_only,escaping
p2_27285,chrX,167205824,167207430,1,Xa_only,inactivated
p2_27286,chrX,167208741,167209698,1,Xa_only,inactivated
p2_27287,chrX,167381986,167382941,0.06735,Xa_only,inactivated
p2_27288,chrX,168672811,168674610,1,Xa_only,inactivated
p2_27289,chrX,168794955,168796049,1,Xa_only,no_ase_genedata
p2_27290,chrX,169319858,169320933,0.00137,XaXi,inactivated
p2_27291,chrX,169910753,169912352,1,,escaping
p2_27292,chrX,169912740,169913716,1,,escaping
p2_27293,chrX,169926837,169927868,1,Xa_only,escaping
p2_27294,chrX,169969266,169969883,1,Xa_only,escaping
p2_27295,chrX,169981478,169982370,0.0247,XaXi,escaping
p2_27296,chrX,169983775,169985379,0.04061,Xa_only,escaping
p2_27297,chrX,169985493,169987945,0,Xi_only,escaping
p2_27298,chrX,169988427,169991892,0,Xi_only,escaping
p2_27299,chrX,169996894,169998556,0.11104,Xa_only,intergenic
p2_27300,chrX,169999060,169999746,1,,intergenic
p2_27301,chrX,170002489,170002932,,,intergenic
